Category,Item Name,Price,Description,Options/Variants,Option Prices
**DESSERTS [ALL DAY]**,,,,,
Ramadhan Specials,Dessert Share Box,ÂŁ19.95,A curated selection of our finest desserts perfect for sharing,Milk Alternatives: Soya Milk | Oat Milk | Almond Milk | Coconut Milk,ÂŁ0.00 | ÂŁ0.00 | ÂŁ0.00 | ÂŁ0.00
Ramadhan Specials,Chocolate Date Gift Box,4 Pcs ÂŁ14.95 | 6 Pcs ÂŁ19.95 | ÂŁ4.95,A luxurious box of chocolate dates â€” the perfect Ramadhan gift,Size: 4 Pcs | 16 Pcs,ÂŁ4.95 | ÂŁ9.95
The Viral Banana Pudding,The Viral Banana Pudding,ÂŁ5.50,"The viral favourite: creamy vanilla filling layered with bananas and soft vanilla wafers. It's simple, comforting, and impossible to resist",Milk Alternatives: Soya Milk | Oat Milk | Almond Milk | Coconut Milk,ÂŁ0.00 | ÂŁ0.00 | ÂŁ0.00 | ÂŁ0.00
Viral Desserts,Kanafeh Strawberry Cup,ÂŁ9.95,"The viral dessert craze: juicy strawberries, crispy kataifi, silky pistachio sauce, and rich chocolate, all crowned with whipped cream and pistachio nuts",,
Viral Desserts,Chocolate Dream Cake,ÂŁ8.45,"The viral Dubai dessert â€” crack through the chocolate layer to reveal layers of rich dream cake, smooth ganache, and creamy mousse, all topped with a dusting of cocoa",,
Viral Desserts,Pistachio Kanafeh Chocolate Dream Cake,ÂŁ9.95,"A twist to the classic chocolate dream cake! Crack through a chocolate layer to uncover crunchy kanafeh, creamy mousse, and rich cake, all crowned with crushed pistachios",,
Viral Desserts,Lazy Cat Cake,ÂŁ10.95,"Indulge in layers of soft, chocolate-soaked cake, creamy filling, rich ganache, and a crunchy chocolate topping. Perfect for those seeking a no-fuss, decadent treat inspired by Lazy Cat",,
Viral Desserts,Kanafeh Choocolate Bar,ÂŁ10.00,"A viral sensation that blends rich knafeh pistachio with real, luscious chocolate. Taste the true essence of chocolate in every bite for an unforgettable experience",,
Viral Desserts,Kanafeh Chocolate Brownie,ÂŁ8.55,"Fudgy chocolate brownie topped with rich milk chocolate, crispy kanafeh, and a sprinkle of pistachios for the ultimate indulgence",,
Chocoberry Signature Desserts,Kanafeh Cookie Dough,ÂŁ8.95,"Treat yourself to our kanafeh cookie dough â€” soft, buttery cookie dough filled with rich kanafeh for a perfect balance of sweetness and texture. Every bite is a warm, gooey indulgence",,
Chocoberry Signature Desserts,Kanafeh Crepe,ÂŁ9.95,"Soft, delicate crepe filled with crispy, crunchy baked kataifi, pistachio sauce, and topped with a marble of smooth milk and pistachio sauce. Finished with a sprinkle of pistachio nuts",,
Chocoberry Signature Desserts,Waffle Bites,ÂŁ7.95,"Think waffle in a bite! Individual waffle squares light and crispy, beautifully presented with choice of your sauces and toppings. A unique waffle experience not to miss!",,
Chocoberry Signature Desserts,Chocopuffs,ÂŁ7.95,"One bite wonder â€” freshly made donut balls, soft and golden, served with your choice of delicious sauces and toppings",,
Round Waffle,Strawberry Dream,ÂŁ8.95,The combination of warm Nutella and fresh strawberries on a light golden waffle makes it a gorgeous dessert for strawberry lovers,,
Round Waffle,Chocoberry,ÂŁ8.95,A luxury waffle covered with Nutella and fresh strawberries finished with pistachio nuts and Belgian white chocolate,,
Round Waffle,Chocolate Explosion,ÂŁ8.95,A scrumptious waffle loaded with Nutella finished with Kinder Chocolate and fudge brownie pieces,,
Round Waffle,Chocorocher,ÂŁ8.95,The crunch of Ferrero Rocher and roasted nuts combined with warm Nutella on a golden waffle â€” a dream for hazelnuts fans,,
Round Waffle,Snow White,ÂŁ8.95,"Waffle with Belgian white chocolate, strawberries, Raffaello and marshmallow",,
Round Waffle,Oreo Overload,ÂŁ8.95,Waffle covered with warm Nutella topped with crunch Oreo pieces and Oreo fine dust,,
Round Waffle,White Chocolate And Strawberry,ÂŁ8.95,Waffle covered with Belgian white chocolate and strawberries,,
Round Waffle,Banana Delight,ÂŁ8.95,A very sophisticated waffle experience with warm Nutella and fresh banana slices,,
Round Waffle,Raspberry Sensation,ÂŁ8.95,A heavenly taste sensation created with finest Belgian white chocolate fresh raspberries and finished with raspberry sauce,,
Round Waffle,Lotus Waffle,ÂŁ8.95,Waffle covered with Lotus sauce and Lotus crumbs,,
Round Waffle,Fruitella,ÂŁ8.95,"Waffle with Nutella, banana, and strawberries",,
Round Waffle,Yum Bubblegum,ÂŁ8.95,"Waffle with Nutella, Kinder Bueno and bubblegum sauce",,
Kanafeh,Original Kanafeh,ÂŁ8.45,"A Middle Eastern classic with a Chocoberry twist! Made from thin strands of dough, filled with sweet cheese, soaked in sugar syrup, and topped with pistachios â€” an irresistible treat",,
Kanafeh,Lotus Biscoff Kanafeh,ÂŁ8.95,"Our freshly made kunafeh, with sweet cheese, covered in rich Lotus sauce and finished with a sprinkle of Lotus Biscoff dust. A dreamy, caramelized twist on a classic favourite",,
Kanafeh,Belgian Chocolate Kanafeh,ÂŁ8.95,"Our freshly made kanafeh, sweet cheese, beautifully covered in a marble design of Belgian milk and white chocolate, and topped with pistachio nuts. A visually stunning and indulgent treat",,
Kanafeh,Chocoberry Kanafeh,ÂŁ8.95,"Pistachio sauce drizzled over our freshly made kanafeh, sweet cheese, finished with a generous sprinkle of pistachio nuts. A luxury treat you won't want to miss",,
Kanafeh,White Chocolate And Pistachio Kanafeh,ÂŁ8.95,"Our freshly made kunafeh, sweet cheese, generously covered in dreamy Belgian white chocolate and topped with pistachio nuts",,
Kanafeh,Nutella Loaded Kanafeh,ÂŁ8.95,"A decadent twist on the classic kanafeh, sweet cheese, topped with a generous layer of Nutella and crowned with aromatic pistachio nuts",,
Cookie Dough,Chocolate Chip Cookie Dough,ÂŁ7.45,"Rich, delicious chocolate chip cookie dough with creamy chocolate chips and gooey bites of cookie dough. Enjoy this decadent treat",,
Cookie Dough,White Chocolate Chip Cookie Dough,ÂŁ7.45,Creamy white chocolate chips swirled into our decadent cookie dough for a sweet treat. Enjoy the classic flavour of white chocolate in every bite,,
Cookie Dough,Oreo-Tella,ÂŁ7.95,Chocolate chip cookie dough with Oreo and Nutella filling,,
Cookie Dough,Chocolate Surprise,ÂŁ7.95,Chocolate chip cookie dough with Nutella and fudge brownie fillings,,
Cookie Dough,Lotus Biscoff,ÂŁ7.95,Chocolate chip cookie dough with Lotus Biscoff chocolate and topped with Lotus dust,,
Cookie Dough,Royal Ferrero Cookie Dough,ÂŁ7.95,An indulgent treat that combines the rich flavours of Nutella and chocolate with the gooey goodness of cookie dough,,
Cookie Dough,Raspberry Kiss,ÂŁ7.95,Chocolate chip cookie dough with white chocolate and raspberries and raspberry sauce,,
Cookie Dough,Choco Caramel,ÂŁ7.95,Belgian milk chocolate cookie dough with chewy caramel cubes and Belgian chocolate sauce,,
French Crepes,Strawberry Passion Crepe,ÂŁ4.25,Fresh strawberries topped on a warm crepe and drizzled with rich Nutella. A delightful combination of sweetness and indulgence in every bite,,
French Crepes,Banoffee Crepe,ÂŁ7.95,"A perfectly golden, delicate, and soft crepe topped with fresh banana slices and drizzled with rich Nutella. A simple yet indulgent treat",,
French Crepes,Fresh Indulgence Crepe,ÂŁ8.25,"A soft, golden crepe topped with fresh strawberries, bananas, and drizzled with rich Nutella. A perfect balance of fruity and chocolaty goodness",,
French Crepes,Oreo & Strawberries Crepe,ÂŁ8.25,"Enjoy the perfect combination of fresh strawberries, crumbled Oreos, and a drizzle of warm Nutella on a fresh, warm, and soft crepe. A delightful fusion of sweet and crunchy",,
French Crepes,Raspberry Temptation Crepe,ÂŁ8.25,"Indulge in the perfect balance of sweet and tangy with this crepe filled with fresh raspberries, smooth white chocolate, and topped with a luscious raspberry sauce",,
French Crepes,Oreo Blossom Crepe,ÂŁ8.25,Savor a decadent crepe topped with Oreo dust and enhanced with a generous drizzle of warm Nutella. A rich and irresistible treat,,
French Crepes,Hazel Nutter Crepe,ÂŁ8.25,"A decadent crepe topped with Nutella, Kinder Bueno chunks and roasted mixed nuts. A perfect combination of crunchy, creamy, and nutty â€” an irresistible treat",,
French Crepes,Lotus Biscoff Crepe,ÂŁ8.25,A warm soft crepe topped with crumbled Lotus Biscoff biscuits and drizzled with luscious Lotus sauce,,
French Crepes,The Canadian Crepe,ÂŁ8.25,A delicate freshly made French crepe filled with juicy fresh strawberries and drizzled with the finest Canadian maple syrup. A sweet light and indulgent treat,,
French Toast (Dessert),Nutella Brownie French Toast,ÂŁ9.95,"Indulge in a classic breakfast treat with our Nutella brownie French toast! This decadent dish features a warm toast alongside mixed berries, gooey brownies and side of Nutella for extra flavor",,
French Toast (Dessert),Raspberry And Pistachio French Toast,ÂŁ10.95,"Our most popular raspberry and pistachio French toast â€” a sweet combo of raspberries, crunchy pistachios, seasonal fruit and fluffy French toast alongside our famous pistachio sauce. Enjoy the mouth-watering combination!",,
French Toast (Dessert),Lotus Biscoff French Toast,ÂŁ9.95,"A delightful twist on traditional French toast! Our Lotus Biscoff French toast is made with rich caramelized Lotus sauce, topped with mixed berries and chocolate shavings",,
French Toast (Dessert),Mixed Berry Compote French Toast,ÂŁ9.95,"A classic breakfast favourite, our mixed berry compote French toast is served with a home made, tangy-sweet compote of mixed berries. Enjoy this delicious twist on traditional French toast!",,
Spanish Churros,Original Churros,ÂŁ5.95,"Light, crispy, and impossibly delicious classic churros dusted in cinnamon sugar and paired with warm chocolate sauce for the perfect sweet indulgence",,
Spanish Churros,Cookie & Cream Churros,ÂŁ6.45,Churros drizzled with Belgian milk and white chocolate and topped with Oreo crumbs,,
Spanish Churros,Chocolate & Almond Churros,ÂŁ6.45,"Crispy churros coated in cinnamon sugar, drizzled with smooth Belgian chocolate, and finished with almond flakes for a delightful, nutty crunch",,
Spanish Churros,Strawberry & Pistachio Churros,ÂŁ6.75,"Indulge in our loop churros, coated in fragrant cinnamon sugar, elegantly drizzled with rich Belgian chocolate, and adorned with fresh strawberries and crunchy pistachio nuts",,
Spanish Churros,Chocolate & Sprinkle Churros,ÂŁ6.45,"Indulge in our crispy, golden churros, drizzled with rich chocolate and adorned with sprinkles, offering a sweet and playful twist on a classic treat",,
Chocolate Dipped Strawberries,Belgian Milk Dipped Strawberries,ÂŁ7.45,"Fresh, juicy strawberries hand-dipped in smooth Belgian milk chocolate, creating a perfect blend of fruity sweetness and rich chocolate",,
Chocolate Dipped Strawberries,Belgian White Chocolate Strawberries,ÂŁ7.45,"Succulent fresh strawberries dipped in smooth Belgian white chocolate, delivering a perfect combination of creamy sweetness and fruity freshness. A truly indulgent treat",,
Milk Cakes,Lotus Biscoff Milk Cake,ÂŁ7.45,"A rich and soft sponge milk cake infused with the distinctive flavor of Lotus Biscoff, topped with Biscoff dust, creating a decadent, melt-in-your-mouth experience",,
Milk Cakes,Pistachio Milk Cake,ÂŁ7.45,"A rich and soft sponge milk cake infused with the delicate flavor of pistachios, topped with crushed pistachio nuts, offering a perfect balance of nuttiness and sweetness in every bite",,
Milk Cakes,Original Milk Cake,ÂŁ7.45,"A soft and creamy cake soaked in the unique flavor of tres leches, melting in your mouth with every bite. Enjoy its velvety texture and touch of vanilla notes for a truly indulgent experience",,
Cakes & Treats,Tiramisu,ÂŁ6.95,Espresso-soaked ladyfingers layered with creamy mascarpone and finished with a dusting of cocoa,,
Cakes & Treats,Hot Fudge Brownie,ÂŁ7.85,"A fudgy, dense brownie with chocolate chips and chunks, served warm and drizzled with milk chocolate for the ultimate indulgence",,
Cakes & Treats,Peanut Butter Stack,ÂŁ7.85,"A sweet and salty blend of peanut butter crunch, creamy milk chocolate, and buttery caramel, layered with rich chocolate brownie and topped with crunchy honey-roasted peanuts. Served warm and drizzled with milk chocolate",,
Cakes & Treats,Lava Cake,ÂŁ8.45,"A rich, indulgent dark chocolate cake topped with a warm, melted chocolate center, topped with drizzle of milk chocolate creating an unforgettable gooey treat in every bite",,
Cakes & Treats,Luxury Fudge Cake,ÂŁ8.55,"A rich three-layer chocolate cake filled with smooth chocolate fudge buttercream and caramel, topped with decadent chocolate fudge buttercream, and served warm with a drizzle of milk chocolate",,
Cakes & Treats,Cornflake Tart,ÂŁ7.55,A buttery pastry base topped with fruity jam and finished with a golden syrup-coated cornflake layer,,
Cakes & Treats,Jam & Coconut Sponge Cake,ÂŁ7.25,"A moist and springy sponge, perfectly balanced with sweet jam and rich coconut for a deliciously satisfying treat",,
Cakes & Treats,French Macaron (6 Pieces),ÂŁ12.95,"Delicious French-style macarons with an array of tantalizing flavors to satisfy every sweet tooth: vanilla, chocolate, lemon, caramel, pistachio, raspberry",Upgrade?: Latte | Hot Chocolate,ÂŁ2.50 | ÂŁ2.50
Cakes & Treats,Apple Crumble,ÂŁ7.95,"A warm, comforting dessert with tender, spiced apples beneath a golden, buttery crumble topping",,
Cakes & Treats,Sticky Toffee Pudding,ÂŁ7.95,A light and airy pudding enhanced with toffee flavour with toffee sauce,,
Cakes & Treats,Chocolate Sponge Pudding,ÂŁ7.95,"A rich, warm chocolate sponge soaked in a luscious chocolate sauce, creating the perfect melt-in-your-mouth dessert and finished with a drizzle of milk chocolate",,
Cheesecakes,Tiramisu Cheesecake,ÂŁ7.45,"A creamy coffee topping layered with light chocolate sponge, dusted with cocoa powder, and topped with chocolate coffee beans. A perfect blend of rich, aromatic flavors",,
Cheesecakes,Strawberry Cheesecake,ÂŁ7.45,"A creamy cheesecake with a buttery biscuit base, topped with a tart-sweet strawberry glaze and finished with a drizzle of chocolate. A perfectly balanced, delicious treat",,
Cheesecakes,Blueberry Crumble Cheesecake,ÂŁ7.45,"A smooth, creamy blueberry filling on a plain digestive biscuit base, topped with a crunchy golden crumble",,
Cheesecakes,Oreo Cheesecake,ÂŁ7.45,"A delicious blend of dark biscuit base and creamy white filling, flecked with cookies & cream crumbs. Topped with a swirl of dairy cream and a mini cookie for the perfect balance of sweetness and crunch",,
Cheesecakes,Lotus Biscoff Cheesecake,ÂŁ7.45,"Indulge in a luxurious cheesecake on a crumbly biscuit base, topped with crunchy Lotus Biscoff crumbs for an irresistible, rich treat â€” perfect for pairing with coffee and pure indulgence",,
Cheesecakes,Ferrero Rocher Cheesecake,ÂŁ7.45,"A decadent cheesecake topped with a whole Ferrero Rocher, chocolate swirl, and crunchy nibbed nuts. The rich, nutty flavor paired with creamy cheesecake creates a perfect balance for chocolate and nut lovers",,
Cheesecakes,Milk Chocolate Lindt Cheesecake,ÂŁ7.45,"A dreamy chocolate cheesecake topped with smooth Lindt milk chocolate truffle, creating a light, indulgent treat that's perfect for any dessert lover",,
Cheesecakes,San Sebastian Cheesecake,ÂŁ7.45,"A rich and creamy cheesecake with a delectably smooth center and a beautifully caramelized, slightly burnt top. Served with smooth Belgian milk chocolate",Choose Chocolate Sauce: Milk Chocolate | White Chocolate | Pistachio Sauce,ÂŁ0.00 | ÂŁ0.00 | ÂŁ0.00
Soft Swirl Ice Cream Tubs,Choco Crunch,ÂŁ4.45,"A rich swirl of creamy vanilla soft serve, drizzled with chocolate sauce and topped with crunchy chocolate crispies",,
Soft Swirl Ice Cream Tubs,Pistachio Kanafeh Swirl Ice Cream,ÂŁ4.75,Vanilla soft serve meets pistachio sauce and kanafeh crunch in every creamy crispy bite,,
Soft Swirl Ice Cream Tubs,Mi Su,ÂŁ4.45,"Tiramisu, but make it swirly! Vanilla soft serve, with coffee infused sponge fingers, topped with chocolate sauce and cacao",,
Soft Swirl Ice Cream Tubs,Golden Biscoffe Swirl Ice Cream,ÂŁ4.45,A creamy swirl of vanilla soft serve with rich Lotus sauce and topped with crunchy caramelized Lotus biscuit crumble,,
Soft Swirl Ice Cream Tubs,Cookie Crumb,ÂŁ4.45,"Creamy vanilla soft swirl with cookie crumbles, perfect for a sweet treat any time of the day",,
Soft Swirl Ice Cream Tubs,ChocoBerry Swirl Ice Cream,ÂŁ4.45,Creamy vanilla soft serve swirled with rich Nutella and topped with fresh strawberry fruit for the perfect sweet and nutty treat,,
Soft Swirl Ice Cream Tubs,Mango & Passion Swirl Ice Cream,ÂŁ4.45,"A tropical delight of creamy vanilla soft serve swirled with luscious mango sauce and bursting with fresh, tangy passion fruit",,
Falooda,Kulfi Falooda,ÂŁ4.45,"Creamy kulfi ice cream with flavoured milk, basil seeds, nuts, rose syrup, and sev for a delightful treat",,
Falooda,Mango Falooda,ÂŁ4.45,"Mango ice cream with mango, flavoured milk, basil seeds, nuts, rose syrup, and sev",,
Falooda,Rose Falooda,ÂŁ4.45,"Kulfi ice cream with rose syrup, flavoured milk, basil seed, nuts, and sev for a delightful treat",,
Falooda,Pistachio Falooda,ÂŁ4.45,"Pistachio ice cream with pistachios, flavoured milk, basil seeds, nuts, rose syrup, and sev",,
Sundae,Strawberry Shortbread Sundae,ÂŁ4.45,"Strawberry and vanilla ice cream with fresh strawberries, shortbread biscuits and strawberry sauces topped with whipped cream",,
Sundae,Fudge Brownie Sundae,ÂŁ4.45,Scoops of vanilla ice cream with fudge brownie pieces, chocolate sauce and whipped cream,
Sundae,Mango Me,ÂŁ4.45,"Scoops of vanilla and mango ice cream, mango sauce, mango chunks and topped with whipped cream",,
Sundae,Millions,ÂŁ4.45,"Bubblegum and vanilla ice cream, bubblegum sauce, Millions sweets and topped with whipped cream",,
Sundae,Tutti Frutti,ÂŁ4.45,Scoops of vanilla ice cream with strawberries and banana strawberry sauce and whipped cream,,
Sundae,Oreo Heaven Sundae,ÂŁ4.45,"Scoops of vanilla ice cream, chocolate sauce, crushed Oreos and whipped cream",,
Sundae,Caramel Crrush,ÂŁ4.45,"Movenpick Caramelita, chewy caramell fudge cubes, caramel cubes, caramel sauce, vanilla ice cream and topped with whipped cream",,
Sundae,Royal Ferrero Sundae,ÂŁ4.45,"Vanilla and Movenpick Swiss chocolate ice cream, chocolate sauce, Ferrero chocolate topped with whipped cream",,
Sundae,Banana Split Sundae,ÂŁ4.45,"Scoops of vanilla ice cream, toffee sauce, banana slices and topped with whipped cream",,
Movenpick & Gelato Ice Cream,One Sweet Scoop,ÂŁ3.45,"Just one scoop of pure happiness! Creamy, dreamy, and packed with flavor â€” because sometimes, all you need is a little scoop of joy",Flavours: Vanilla Dream | Swiss Chocolate | Strawberry | Pistachio | Caramelita,ÂŁ0.00 | ÂŁ0.00 | ÂŁ0.00 | ÂŁ0.00 | ÂŁ0.00
Movenpick & Gelato Ice Cream,Double Scoop,ÂŁ5.75,"Double the fun, double the flavor! Two creamy scoops of your favorite ice cream, bringing twice the happiness and twice the indulgence in every bite. Perfect for when one scoop just isn't enough",Flavours: Vanilla Dream | Swiss Chocolate | Strawberry | Pistachio | Caramelita,ÂŁ0.00 | ÂŁ0.00 | ÂŁ0.00 | ÂŁ0.00 | ÂŁ0.00
**BREAKFAST | BRUNCH**,,,,,
Big Breakfast,Classic English,ÂŁ19.95,"A hearty plate comprising of fried eggs, grilled sausages, beef bacon, hash browns, grilled mushrooms, grilled tomato and baked beans, served with toasted bread",,
Big Breakfast,South Asian Breakfast,ÂŁ19.95,"Indulge with our South Asian breakfast featuring crispy parathas, flavorful omelette, butter chicken, masala beans, and a fresh salad",,
Big Breakfast,Steak & Egg,ÂŁ18.45,"Savor a hearty meal of Angus beef steak, fried eggs, potato puffs, mushrooms, tomato, baked beans, and toasted bread",,
Big Breakfast,Big Bang,ÂŁ13.95,"Experience a flavor explosion with our Big Bang breakfast â€” a delicious combination of scrambled eggs, tomato, mushrooms, hash browns, grilled cheese, baked beans, and French toast topped with mixed berries and honey",,
Big Breakfast,The Mediterranean,ÂŁ12.45,"Indulge in our Mediterranean breakfast plate with falafels, scrambled egg, avocado, olives, grilled cheese, flatbread, and yogurt honey topped with walnuts",,
Big Breakfast,Chicken Egg Paratha Roll,ÂŁ9.25,Juicy homemade chicken rolled up in a crispy paratha bread with fluffy egg omelet, cheese and fresh spices alongside a dip for the perfect flavor,
Big Breakfast,Melty Egg Muffin,ÂŁ9.95,"A delicious toasted muffin with fried eggs, hashbrowns, cheese, creamy avocado, and fresh greens",,
Big Breakfast,Grilled Chicken Bagel,ÂŁ9.95,"A delightful combination of grilled bagel topped with grilled chicken and a layer of melted cheese, onions and fresh greens, chips",,
Big Breakfast,Breakfast Bowl,ÂŁ9.25,"Start your day off right with our breakfast bowl, featuring boiled eggs, grilled halloumi, potato pufs, olives, avocado, and grilled vegetables â€” a delicious and nutritious way to fuel your morning",,
Big Breakfast,One-Pot Skillet,ÂŁ10.85,"A hearty breakfast skillet with grilled sausage, fried eggs, stir-fried mushrooms, seasoned beans, feta, and parsley, served with toasted bread",,
Big Breakfast,Shakshuka,ÂŁ10.45,"Shakshuka featuring poached eggs in a tomato sauce, topped with feta cheese, herbs and spicy sauce",,
Exquisite Eggs,Turkish Eggs,ÂŁ10.15,Medium fried eggs nestled on creamy yogurt and simit bread, topped with our chef's special sauce for an extra burst of flavor,
Exquisite Eggs,Egg Avocado Croissant,ÂŁ8.45,"Flaky croissant with creamy avocado, fluffy scrambled eggs, and served with potato puffs",,
Exquisite Eggs,Classic French Omelette,ÂŁ7.95,"A fluffy folded omelette filled with black pepper and cheese, and topped with freshly chopped parsley and served with toasted bread",,
Exquisite Eggs,Traditional Omelette,ÂŁ7.95,"Our traditional omelette is filled with diced onion, green chillies, fresh coriander, and juicy tomatoes and served with toasted bread",,
Exquisite Eggs,Greek Omelette,ÂŁ8.45,"Indulge in our Mediterranean-inspired Greek omelette, filled with feta cheese, onion, olives, tomato, and aromatic herbs, accompanied by toasted bread",,
Tempting Toasts,Smashed Avocado On Toast,ÂŁ7.95,"Enjoy a delicious toast, freshly made with smashed avocado, cucumber, bell pepper, tomato topped with chilli flakes, a drizzle of our secret sauce and some fresh greens, feta cheese, served on sourdough bread",,
Tempting Toasts,Cheese On Toast,ÂŁ7.45,"This cheesy, flavorful dish is sure to tantalize your taste buds. Our cheese on toast features a mixture of cheeses with chilli flakes, red chilli, and some greens, grilled to perfection and served with tomatoes and vegetables",,
Tempting Toasts,Mushroom On Toast,ÂŁ7.95,Creamy mushroom on toast: juicy sautĂ©ed mushrooms served on a golden sourdough toast with fresh greens,,
Tempting Toasts,Mediterranean Hummus On Toast,ÂŁ7.95,"Mediterranean hummus on toast: a twist on your classic hummus, with a blend of Mediterranean spices, served on sourdough toast and sprinkled with fresh greens",,
Tempting Toasts,Grilled Veggies On Toast,ÂŁ7.95,A healthy and delicious combination of lightly grilled vegetables and hummus served on a bed of sourdough toast â€” the perfect brunch to enlighten your day!,,
French Toast (Breakfast),Nutella Brownie French Toast,ÂŁ9.95,"Indulge in a classic breakfast treat with our Nutella brownie French toast! This decadent dish features a warm toast alongside mixed berries, gooey brownies and side of Nutella for extra flavor",,
French Toast (Breakfast),Raspberry And Pistachio French Toast,ÂŁ10.95,"Our most popular raspberry and pistachio French toast â€” a sweet combo of raspberries, crunchy pistachios, seasonal fruit and fluffy French toast alongside our famous pistachio sauce. Enjoy the mouth-watering combination!",,
French Toast (Breakfast),Lotus Biscoff French Toast,ÂŁ9.95,"A delightful twist on traditional French toast! Our Lotus Biscoff French toast is made with rich caramelized Lotus sauce, topped with mixed berries and chocolate shavings",,
French Toast (Breakfast),Mixed Berry Compote French Toast,ÂŁ9.95,"A classic breakfast favourite, our mixed berry compote French toast is served with a home made, tangy-sweet compote of mixed berries. Enjoy this delicious twist on traditional French toast!",,
Granola Bowls,Strawberry Granola Bowl,ÂŁ7.85,Fresh strawberry and crunchy granola come together in our strawberry granola bowl. Enjoy a sweet and healthy breakfast bowl that is sure to start your day off right!,,
Granola Bowls,Vanilla Granola Bowl,ÂŁ7.55,"A delicious and healthy breakfast option, our vanilla granola bowl is made with creamy yogurt, crunchy granola and fresh seasonal fruit. A perfect start to your day!",,
Granola Bowls,Mango & Passion Granola Bowl,Ł7.85,Indulge in the tropical flavors of mango and passion fruit paired with crunchy granola in this refreshing breakfast bowl,,
Enhance Your Breakfast,Add Ons,,Enhance your breakfast dishes from the selection of add ons available,Add Ons: Hash Brown (x2) | Potato Puffs | Fried Eggs (x2) | Scrambled Eggs | Traditional Omelette,ÂŁ2.50 | ÂŁ2.50 | ÂŁ2.50 | ÂŁ3.50 | ÂŁ3.50
**ALL DAY BRUNCH**,,,,,
All Day Brunch,Chicken Pasta,ÂŁ14.95,"Try our delicious pasta â€” a mouth watering combination of chicken or veg, penne pasta, and a creamy white sauce. You'll savour every bite!",,
All Day Brunch,Chicken Wings 6 Pcs.,ÂŁ12.95,Hot wings grilled to perfection served with salad,,
All Day Brunch,Chop Chop,ÂŁ14.95,Grilled lamb chops marinated with herbs and spices, served with house made fresh mint chutney,
All Day Brunch,Crunchie Chicken Burger,ÂŁ14.95,"Tantalise your tastebuds with our delicious Crunchie Chicken Burger. Juicy chicken patty, crunchy red onions and fresh lettuce, all served in a toasted bun with tasty chips",,
All Day Brunch,Heritage Angus Beef Burger,ÂŁ13.45,"Our delicious Heritage Angus Beef Burger is freshly-cooked and served on a toasted bun, topped with cheese, caramelized onions, tomato slice, lettuce, accompanied with a crispy side of chips",,
All Day Brunch,Mac & Cheese,ÂŁ8.88,A classic comfort food, our Mac & Cheese is made with macaroni and creamy cheddar cheese sauce,
All Day Brunch,Humus & Salad,ÂŁ6.45,Our signature dish featuring creamy hummus served with a hearty salad alongside toasted bread,,
All Day Brunch,Humus And Falafel,ÂŁ7.85,Satisfy your Mediterranean cravings with our house-made hummus and falafel and fresh salad alongside toasted bread,,
All Day Brunch,Momo's,ÂŁ7.55,"Delicious dumplings filled with a savory mixture of vegetable and spices, served with a side of homemade dipping sauce",Veg Or Chicken?: Chicken | Veg,ÂŁ0.00 | ÂŁ0.00
All Day Brunch,Spring Rolls (Veg),ÂŁ5.95,"Golden, crispy vegetable spring rolls filled with a savory mix of vegetables and spices",,
All Day Brunch,Chicken Samosas,ÂŁ5.95,"Golden, flaky pastry filled with tender chicken, seasoned potatoes, and a medley of vegetables",,
All Day Brunch,Seasoned Chips,ÂŁ3.95,Crispy rustic chips perfect for dipping or for a light snack,,
All Day Brunch,Masala Chips,ÂŁ4.95,Crunchy chips flavored with our special homemade sauce topped with spring onions,,
**DINNER**,,,,,
Bowls,Chicken Gochujang,ÂŁ19.95,"A bowl full of goodness, filled with rice, gochujang chicken, avocado, cucumber, tomatoes, mixed leaves, sesame seeds and spring onion",,
Bowls,Sesame Noodles,Beef ÂŁ13.95 | Chicken ÂŁ13.55 | Vegetable ÂŁ12.45,"A vibrant bowl of noodles coated in a bold, spicy Korean chilli-sesame sauce, served with a colourful medley of fresh vegetables for a bright, satisfying crunch",Select: Chicken | Beef | Vegetable,ÂŁ13.55 | ÂŁ13.95 | ÂŁ12.45
Bowls,Burger Bowl,Angus Beef ÂŁ14.45 | Grilled Chicken ÂŁ11.55,"Indulge in our mouth-watering burger bowl, featuring your choice of chicken or Angus beef, topped with melted cheese, crispy chips, tangy pickles, a seasoned salad, and a savoury mix of caramelized onions and mushrooms",Select: Angus Beef | Grilled Chicken,ÂŁ14.45 | ÂŁ11.55
Bowls,Chicken Shawarma,ÂŁ14.50,"Loaded with flavour, rice chicken shawarma, Mediterranean salad, hummus, tahini and pickles",,
Bowls,Mediterranean Grill Chicken Bowl,ÂŁ15.50,"Try our Mediterranean grill chicken bowl: chargrill chicken, fresh Mediterranean salad, feta, hummus, ezme, flavored rice",,
Bowls,Crispy Chicken Mountain,ÂŁ19.95,"Seasoned chips, homemade salad, topped with crispy chicken strips and sesame seeds",,
Bowls,Fire Cracker Chicken,ÂŁ13.95,Our fire cracker chicken is a spicy and flavorful dish that will ignite your taste buds with every bite,,
Bowls,Falafel Bowl,ÂŁ13.50,"Middle Eastern flavours, crispy falafels, rice, homemade salad, hummus, pickles and chilli sauce",,
Bowls,Spiced Chickpea Bowl,ÂŁ10.50,"This hearty bowl is full of bold flavors. Spicy chickpeas are combined with white rice, cucumbers, and tomatoes for a healthy and delicious meal",,
Steak & Grill,Chicken Parmeason,ÂŁ16.50,Grilled chicken with cheese and herbs served with chips,,
Steak & Grill,Chicken Steak,ÂŁ10.50,"Savor our classic grilled chicken steak topped with flavorful steak sauce, and served alongside a side of rustic chips and a fresh seasoned salad. Steak sauce contains cheese",,
Burgers & Pasta,Chicken Pasta,Chicken ÂŁ14.95 | Vegetarian ÂŁ11.95,"Try our delicious pasta â€” an irresistible blend of tender penne in a rich, creamy white sauce. Choose from a chicken or vegetarian option for a dish so comforting and flavorful, you'll savor every bite!",Select: Chicken | Vegetarian,ÂŁ14.95 | ÂŁ11.95
Burgers & Pasta,Penne Arrabbiata,Chicken ÂŁ13.95 | Vegetarian ÂŁ11.45,"Fiery and flavorful, this spicy penne dish is tossed in a bold arrabbiata sauce and finished with fresh basil, briny olives, and shaved parmesan. Choose from grilled tender chicken or a hearty vegetarian option for the perfect kick in every bite",Select: Chicken | Vegetarian,ÂŁ13.95 | ÂŁ11.45
Burgers & Pasta,Melty Cheese Burger,Angus Beef ÂŁ15.55 | Grilled Chicken ÂŁ13.55 | Crunchie Chicken ÂŁ12.55,"Savor our cheesy burger, served on a bed of house-made special cheddar cheese sauce, with your choice of grilled chicken, fried chicken, or Angus beef, and accompanied by crispy rustic chips",Select: Angus Beef | Grilled Chicken | Crunchie Chicken,ÂŁ15.55 | ÂŁ13.55 | ÂŁ12.55
Burgers & Pasta,Chicken Gochujang Burger,ÂŁ10.95,"A Korean-inspired burger featuring a juicy, fried chicken patty topped with sweet and spicy gochujang sauce. Served on a lightly toasted bun alongside rustic chips for a savory experience",,
Burgers & Pasta,Crunchie Chicken Burger,ÂŁ14.95,"Tantalise your tastebuds with our delicious Crunchie Chicken Burger. Juicy chicken patty, crunchy red onions and fresh lettuce, all served in a toasted bun with tasty chips",,
Burgers & Pasta,Heritage Angus Beef Burger,ÂŁ13.45,"Our delicious Heritage Angus Beef Burger is freshly-cooked and served on a toasted bun, topped with cheese, caramelized onions, tomato slice, lettuce, accompanied with a crispy side of chips",,
Burgers & Pasta,Mexican Chicken Grilled Burger,ÂŁ14.95,"Our Mexican Chicken Grilled Burger is an explosion of flavor! With marinated chicken, and a special blend of spices, it's sure to tantalize your taste buds!",,
Light Bites,Chicken Wings,ÂŁ12.50,Hot wings grilled to perfection served with salad,,
Light Bites,Chicken Dynamite,ÂŁ7.95,"Chicken Dynamite: bite-sized chunks of chicken, crispily fried and tossed in a spicy sauce, served with salad and topped with sesame seed fresh cut vegetables. A delectable dish for spice lovers!",,
Light Bites,Chop Chop,ÂŁ19.95,Grilled lamb chops marinated with herbs and spices, served with house made fresh mint chutney,
Light Bites,Grilled Chicken Salad,ÂŁ19.95,"A delicious mix of freshly grilled chicken breast, crisp lettuce, crunchy walnuts, pumpkin seeds, sliced avocado and mixed berries. A healthy and nutritious meal, perfect for lunch or dinner",,
Light Bites,Humus & Salad,ÂŁ6.45,Our signature dish featuring creamy hummus served with a hearty salad alongside toasted bread,,
Light Bites,Humus And Falafel,ÂŁ7.95,Satisfy your Mediterranean cravings with our house-made hummus and falafel and fresh salad alongside toasted bread,,
Light Bites,Momo's,ÂŁ12.95,"Delicious dumplings filled with a savoury mixture of vegetable and spices, served with a side of homemade dipping sauce",Veg Or Chicken?: Chicken | Veg,ÂŁ0.00 | ÂŁ0.00
Light Bites,Spring Rolls (Veg),ÂŁ5.95,"Golden, crispy vegetable spring rolls filled with a savory mix of vegetables and spices",,
Light Bites,Chicken Samosa,ÂŁ5.95,"Golden, flaky pastry filled with tender chicken, seasoned potatoes, and a medley of vegetables",,
Light Bites,Seasoned Chips,ÂŁ3.95,Crispy rustic chips perfect for dipping or for a light snack,,
Light Bites,Masala Chips,ÂŁ4.95,Crunchy chips flavored with our special homemade sauce topped with spring onions,,
**DRINKS MENU [ALL DAY]**,,,,,
Matcha Range,Iced Strawberry Matcha Latte,ÂŁ5.45,"Refreshing and indulgent, our iced strawberry matcha latte is a perfect blend of antioxidant-rich matcha tea and sweet strawberry flavor. Made with creamy oat milk for a dairy-free treat that is as delicious as it is good for you",Milk Alternatives: Soya Milk | Oat Milk | Almond Milk | Coconut Milk,ÂŁ0.00 | ÂŁ0.00 | ÂŁ0.00 | ÂŁ0.00
Matcha Range,Iced Vanilla Matcha Latte,ÂŁ5.45,"A refreshing and smooth blend of antioxidant-rich matcha green tea and creamy vanilla oat milk, served over ice for a revitalizing pick-me-up. A delicious and energizing beverage to fuel your day",,
Matcha Range,Iced Mango Matcha Latte,ÂŁ5.45,"Introducing our refreshing iced mango matcha latte, made with oat milk for a creamy dairy-free treat. Cool off with the perfect blend of bright mango and earthy matcha flavors in every sip",,
Matcha Range,Vanilla Matcha Latte (Hot),ÂŁ3.85,Indulge in the smooth and creamy combination of vanilla-infused oat milk and vibrant matcha green tea. A delightful and energizing twist on a classic latte,,
Mocktails,Lemon Mocktail,ÂŁ5.45,"A refreshing blend of zesty lemon, tangy lime, and aromatic mint, topped with fizzy soda for the perfect balance of citrus and refreshment in every sip!",,
Mocktails,Strawberry Mocktail,ÂŁ5.45,"Enjoy the fizzy strawberry mojito â€” a sweet and refreshing fusion of strawberries, fresh mint, and lemon, perfectly balanced for a fruity twist on a classic!",,
Mocktails,Passion Fruit Mocktail,ÂŁ5.45,"A tropical escape in every sip! Enjoy the goodness of passion fruit, fresh mint, and zesty lemon, creating a refreshingly vibrant mojito",,
Mocktails,Blue Hawaiian Mocktail,ÂŁ5.45,"Escape to beach paradise with our Blue Hawaiian mojito! A tropical blend of sweet coconut, blue curacao syrup, and a touch of citrus, offering a refreshing, beachy vibe in every sip",,
Mocktails,Pomegranate Mocktail,ÂŁ5.45,"A perfect blend of pomegranate, fresh mint, and zesty lime, topped with a splash of soda for a vibrant, fruity twist on the classic mojito",,
Mocktails,Rose & Lychee Mojito Mocktail,ÂŁ5.45,"A refreshing and fragrant mocktail mojito, combining the floral notes of rose with the sweet essence of lychee, topped with soda and finished with a hint of mint for a beautifully balanced, exotic twist!",,
Mocktails,Berry Nice Mocktail,ÂŁ5.45,"A unique and exotic twist on the classic mojito! Infused with the rich, sweet flavour of berries, combined with fresh mint, lime, and a splash of soda for a refreshing, fruity experience unlike any other",,
Fresh Juices,Fresh Orange Juice,ÂŁ4.95,Our house-made cold-pressed orange juice, full of real orange bits,
Shakes & Ice Coolers,Frozen Peach,ÂŁ5.45,"Cool off with our Frozen Peach, a refreshing iced drink made with real peach fruit crushed with ice. Enjoy the sweet and juicy flavor of peaches in every sip",,
Shakes & Ice Coolers,Mango & Passion Fruit Breeze,ÂŁ5.45,"Indulge in the tropical flavors of our refreshing Mango & Passion Fruit Breeze. This icy drink is made with sweet and tangy mango and passion fruit flavors, blended together for a deliciously fruity treat",,
Shakes & Ice Coolers,Luxury Shakes,ÂŁ5.95,"Indulge in our creamy, rich ice cream shakes â€” thick, luscious, and packed with flavor. Made with premium ice cream and blended to perfection for a deliciously smooth and satisfying treat in every sip!",Milk Shakes: Kinder Bueno | Kinder Bueno White | Terry's Chocolate Orange | Kit Kat | Snickers,ÂŁ0.00 | ÂŁ0.00 | ÂŁ0.00 | ÂŁ0.00 | ÂŁ0.00
Coffee,Cappuccino,ÂŁ3.85,"A classic blend of rich espresso, creamy steamed milk, and frothy foam for a perfectly balanced, smooth cup",Enhance Your Drink: Vanilla Syrup | Caramel Syrup | Hazelnut Syrup | Whipped Cream | Marshmallow || Milk Alternatives?: Oat Milk | Coconut Milk | Almond Milk | Soya Milk,ÂŁ0.50 | ÂŁ0.50 | ÂŁ0.50 | ÂŁ0.50 | ÂŁ0.50 || ÂŁ0.50 | ÂŁ0.50 | ÂŁ0.50 | ÂŁ0.00
Coffee,Latte,ÂŁ3.85,"A smooth and creamy blend of rich espresso and steamed milk, finished with a light layer of foam for a perfectly balanced, soothing cup",Enhance Your Drink: Vanilla Syrup | Caramel Syrup | Hazelnut Syrup | Whipped Cream | Marshmallow || Milk Alternatives?: Oat Milk | Coconut Milk | Almond Milk | Soya Milk,ÂŁ0.50 | ÂŁ0.50 | ÂŁ0.50 | ÂŁ0.50 | ÂŁ0.50 || ÂŁ0.50 | ÂŁ0.50 | ÂŁ0.50 | ÂŁ0.00
Coffee,Mocha,ÂŁ4.25,"A delicious fusion of rich espresso, rich chocolate, and steamed milk, topped with a touch of foam for a sweet and indulgent treat in every sip",Enhance Your Drink: Vanilla Syrup | Caramel Syrup | Hazelnut Syrup | Whipped Cream | Marshmallow || Milk Alternatives?: Oat Milk | Coconut Milk | Almond Milk | Soya Milk,ÂŁ0.50 | ÂŁ0.50 | ÂŁ0.50 | ÂŁ0.50 | ÂŁ0.50 || ÂŁ0.50 | ÂŁ0.50 | ÂŁ0.50 | ÂŁ0.00
Coffee,White Mocha,ÂŁ4.25,"A creamy blend of rich espresso, rich white chocolate, and steamed milk, topped with a light foam for a sweet and indulgent twist on the classic mocha",Enhance Your Drink: Vanilla Syrup | Caramel Syrup | Hazelnut Syrup | Whipped Cream | Marshmallow || Milk Alternatives?: Oat Milk | Coconut Milk | Almond Milk | Soya Milk,ÂŁ0.50 | ÂŁ0.50 | ÂŁ0.50 | ÂŁ0.50 | ÂŁ0.50 || ÂŁ0.50 | ÂŁ0.50 | ÂŁ0.50 | ÂŁ0.00
Coffee,Flat White,ÂŁ3.95,"A smooth, velvety espresso with steamed milk, topped with a thin layer of microfoam for a creamy, rich taste that's full of flavor and perfectly balanced",Enhance Your Drink: Vanilla Syrup | Caramel Syrup | Hazelnut Syrup | Whipped Cream | Marshmallow || Milk Alternatives?: Oat Milk | Coconut Milk | Almond Milk | Soya Milk,ÂŁ0.50 | ÂŁ0.50 | ÂŁ0.50 | ÂŁ0.50 | ÂŁ0.50 || ÂŁ0.50 | ÂŁ0.50 | ÂŁ0.50 | ÂŁ0.00
Coffee,Americano (Black),ÂŁ3.25,"A simple yet bold blend of rich espresso and hot water, creating a smooth, full-bodied coffee with a clean, robust flavor. Perfect for those who appreciate the purity of espresso",Enhance Your Drink: Vanilla Syrup | Caramel Syrup | Hazelnut Syrup | Whipped Cream | Marshmallow || Milk Alternatives?: Oat Milk | Coconut Milk | Almond Milk | Soya Milk,ÂŁ0.50 | ÂŁ0.50 | ÂŁ0.50 | ÂŁ0.50 | ÂŁ0.50 || ÂŁ0.50 | ÂŁ0.50 | ÂŁ0.50 | ÂŁ0.00
Coffee,Double Espresso,ÂŁ2.50,"A bold, concentrated shot of rich espresso, delivering twice the intensity and flavor in every sip. Perfect for those who crave a strong, pure coffee experience",Enhance Your Drink: Vanilla Syrup | Caramel Syrup | Hazelnut Syrup | Whipped Cream | Marshmallow || Milk Alternatives?: Oat Milk | Coconut Milk | Almond Milk | Soya Milk,ÂŁ0.50 | ÂŁ0.50 | ÂŁ0.50 | ÂŁ0.50 | ÂŁ0.50 || ÂŁ0.50 | ÂŁ0.50 | ÂŁ0.50 | ÂŁ0.00
Indulgent Hot Chocolates,Hot Chocolate,ÂŁ4.25,"Our hot chocolate is a rich, velvety blend of premium cocoa and milk, creating a smooth, indulgent treat that's perfectly sweet and comforting",Enhance Your Breakfast: Hash Brown | Potato Puffs | Scrambled Egg | Fried Egg | Omelette || Milk Alternatives?: Oat Milk | Coconut Milk | Almond Milk | Soya Milk,ÂŁ2.50 | ÂŁ2.50 | ÂŁ3.50 | ÂŁ3.50 | ÂŁ5.00 || ÂŁ0.50 | ÂŁ0.50 | ÂŁ0.50 | ÂŁ0.00
Indulgent Hot Chocolates,Ruby Hot Chocolate,ÂŁ4.25,"Ruby hot chocolate combines smooth milk with velvety chocolate, creating a rich, sweet flavor with a hint of berry tang. Its stunning pink hue and indulgent taste make it a standout treat",,
Indulgent Hot Chocolates,Pistachio Hot Chocolate,ÂŁ4.55,"Indulge in our luxurious pistachio hot chocolate, featuring velvety white chocolate blended with rich pistachio cream. Finished with a sprinkle of crunchy pistachio nuts for an irresistible treat",,
Indulgent Hot Chocolates,White Hot Chocolate,ÂŁ4.25,"Our white hot chocolate is a creamy, indulgent blend of rich white chocolate and smooth milk, offering a sweet, velvety treat that is perfect for any occasion",Enhance Your Drink: Vanilla Syrup | Caramel Syrup | Hazelnut Syrup | Whipped Cream | Marshmallow || Milk Alternatives?: Oat Milk | Coconut Milk | Almond Milk | Soya Milk,ÂŁ0.50 | ÂŁ0.50 | ÂŁ0.50 | ÂŁ0.50 | ÂŁ0.50 || ÂŁ0.50 | ÂŁ0.50 | ÂŁ0.50 | ÂŁ0.00
Speciality Lattes,Luna Latte,ÂŁ4.55,A stunning aqua-blue latte with delicate flavor notes of sweet honey and maple syrup. A visually striking and deliciously smooth experience in every sip!,Enhance Your Drink: Vanilla Syrup | Caramel Syrup | Hazelnut Syrup | Whipped Cream | Marshmallow || Milk Alternatives?: Oat Milk | Coconut Milk | Almond Milk | Soya Milk,ÂŁ0.50 | ÂŁ0.50 | ÂŁ0.50 | ÂŁ0.50 | ÂŁ0.50 || ÂŁ0.50 | ÂŁ0.50 | ÂŁ0.50 | ÂŁ0.00
Speciality Lattes,Red Velvet Latte,ÂŁ4.55,"A deep red latte with rich, smooth velvet texture and subtle cocoa undertones. A luxurious and comforting drink that's as bold in flavour as it is in colour",Enhance Your Drink: Vanilla Syrup | Caramel Syrup | Hazelnut Syrup | Whipped Cream | Marshmallow || Milk Alternatives: Soya Milk | Oat Milk | Almond Milk | Coconut Milk,ÂŁ0.50 | ÂŁ0.50 | ÂŁ0.50 | ÂŁ0.50 | ÂŁ0.50 || ÂŁ0.00 | ÂŁ0.00 | ÂŁ0.00 | ÂŁ0.00
Speciality Lattes,Spiced Chai Latte,ÂŁ4.25,"A warm and comforting blend of bold black tea, aromatic spices, and steamed milk, creating the perfect balance of sweet and spicy",Enhance Your Drink: Vanilla Syrup | Caramel Syrup | Hazelnut Syrup | Whipped Cream | Marshmallow || Milk Alternatives: Soya Milk | Oat Milk | Almond Milk | Coconut Milk,ÂŁ0.50 | ÂŁ0.50 | ÂŁ0.50 | ÂŁ0.50 | ÂŁ0.50 || ÂŁ0.00 | ÂŁ0.00 | ÂŁ0.00 | ÂŁ0.00
Speciality Lattes,Tiramisu Latte,ÂŁ5.55,"Every sip is like a little piece of tiramisu in a cup! Rich espresso, creamy steamed milk, a hint of cocoa, sweet vanilla, and mascarpone, all topped with a dusting of cocoa powder for the perfect indulgence",Enhance Your Drink: Vanilla Syrup | Caramel Syrup | Hazelnut Syrup | Whipped Cream | Marshmallow || Milk Alternatives?: Oat Milk | Coconut Milk | Almond Milk | Soya Milk,ÂŁ0.50 | ÂŁ0.50 | ÂŁ0.50 | ÂŁ0.50 | ÂŁ0.50 || ÂŁ0.50 | ÂŁ0.50 | ÂŁ0.50 | ÂŁ0.00
Speciality Lattes,Spanish Latte,ÂŁ4.55,"A smooth blend of rich espresso, creamy steamed milk, and sweetened condensed milk for a perfectly indulgent flavor",,
Speciality Lattes,Pistachio Latte,ÂŁ4.85,"Indulge in the rich and nutty flavor of our pistachio latte, made with smooth espresso and steamed milk",Enhance Your Drink: Vanilla Syrup | Caramel Syrup | Hazelnut Syrup | Whipped Cream | Marshmallow || Milk Alternatives?: Oat Milk | Coconut Milk | Almond Milk | Soya Milk,ÂŁ0.50 | ÂŁ0.50 | ÂŁ0.50 | ÂŁ0.50 | ÂŁ0.50 || ÂŁ0.50 | ÂŁ0.50 | ÂŁ0.50 | ÂŁ0.00
Iced Lattes (Espresso Based),Iced Latte,ÂŁ4.95,"A refreshing blend of smooth espresso and chilled milk, served over ice for the perfect balance of bold and creamy. Cool, energizing, and utterly satisfying in every sip!",Enhance Your Drink: Vanilla Syrup | Caramel Syrup | Hazelnut Syrup | Whipped Cream | Marshmallow || Milk Alternatives?: Oat Milk | Coconut Milk | Almond Milk | Soya Milk,ÂŁ0.50 | ÂŁ0.50 | ÂŁ0.50 | ÂŁ0.50 | ÂŁ0.50 || ÂŁ0.50 | ÂŁ0.50 | ÂŁ0.50 | ÂŁ0.00
Iced Lattes (Espresso Based),Iced Spanish Latte,ÂŁ5.45,"A smooth, creamy blend of espresso, sweetened condensed milk, and chilled milk, served over ice for a rich, sweet, and indulgent treat with a Spanish twist!",Enhance Your Drink: Vanilla Syrup | Caramel Syrup | Hazelnut Syrup | Whipped Cream | Marshmallow || Milk Alternatives?: Oat Milk | Coconut Milk | Almond Milk | Soya Milk,ÂŁ0.50 | ÂŁ0.50 | ÂŁ0.50 | ÂŁ0.50 | ÂŁ0.50 || ÂŁ0.50 | ÂŁ0.50 | ÂŁ0.50 | ÂŁ0.00
Iced Lattes (Espresso Based),Iced Mocha,ÂŁ5.50,"Rich espresso blended with chocolate and chilled milk, served over ice for a perfectly sweet and refreshing treat!",Enhance Your Drink: Vanilla Syrup | Caramel Syrup | Hazelnut Syrup | Whipped Cream | Marshmallow || Milk Alternatives?: Oat Milk | Coconut Milk | Almond Milk | Soya Milk,ÂŁ0.50 | ÂŁ0.50 | ÂŁ0.50 | ÂŁ0.50 | ÂŁ0.50 || ÂŁ0.50 | ÂŁ0.50 | ÂŁ0.50 | ÂŁ0.00
Iced Lattes (Espresso Based),Iced Pistachio Latte,ÂŁ5.95,"Made with our famous pistachio sauce, this creamy, nutty iced latte combines chilled espresso and milk for a refreshing, indulgent treat that is as smooth as it is delicious!",Enhance Your Drink: Vanilla Syrup | Caramel Syrup | Hazelnut Syrup | Whipped Cream | Marshmallow || Milk Alternatives?: Oat Milk | Coconut Milk | Almond Milk | Soya Milk,ÂŁ0.50 | ÂŁ0.50 | ÂŁ0.50 | ÂŁ0.50 | ÂŁ0.50 || ÂŁ0.50 | ÂŁ0.50 | ÂŁ0.50 | ÂŁ0.00
Iced Lattes (Espresso Based),Iced Tiramisu Latte,ÂŁ5.45,"A velvety blend of espresso, creamy milk, and hints of cocoa and mascarpone, served over ice. Topped with a dusting of cocoa powder and a ladyfinger biscuit for the perfect tiramisu-inspired treat",Enhance Your Drink: Vanilla Syrup | Caramel Syrup | Hazelnut Syrup | Whipped Cream | Marshmallow || Milk Alternatives?: Oat Milk | Coconut Milk | Almond Milk | Soya Milk,ÂŁ0.50 | ÂŁ0.50 | ÂŁ0.50 | ÂŁ0.50 | ÂŁ0.50 || ÂŁ0.50 | ÂŁ0.50 | ÂŁ0.50 | ÂŁ0.00
Iced Lattes (Non-Coffee),Iced Matcha Latte,ÂŁ3.45,A refreshing iced non-coffee latte for the perfect refreshment,Milk Alternatives: Soya Milk | Oat Milk | Almond Milk | Coconut Milk,ÂŁ0.00 | ÂŁ0.00 | ÂŁ0.00 | ÂŁ0.00
Karak Chai & Herbal Teas,Karak Chai,ÂŁ3.45,"A flavorful, aromatic blend of freshly brewed tea, rich spices, and creamy milk â€” crafted with love and using only the finest, freshest ingredients. This traditional favourite is sure to warm your heart with every sip!",Add Flavours: Saffron | Cinnamon || Upgrade To Large: Large,ÂŁ0.50 | ÂŁ0.50 || ÂŁ0.50
Karak Chai & Herbal Teas,Teas,ÂŁ2.95,"Savor the soothing flavors of herbal teas, blended with fresh, organic ingredients to nourish your body and soul","Select Hot Drink: English Tea | Decaf English Tea | Green Tea | Mint Tea | Organic Lemon, Ginger & Manuka Honey",ÂŁ3.00 | ÂŁ3.00 | ÂŁ3.00 | ÂŁ3.00 | ÂŁ3.00
Soft Drinks,J20 Apple & Raspberry,ÂŁ2.95,,,
Soft Drinks,J20 Apple & Mango,ÂŁ2.95,,,
Soft Drinks,J20 Orange & Passion,ÂŁ2.95,,,
Soft Drinks,Irn Bru,ÂŁ2.95,,,
Soft Drinks,Green Cola,ÂŁ2.25,,,
Soft Drinks,Green Lemonade,ÂŁ2.25,,,
Soft Drinks,Irn Bru (Sugar Free),ÂŁ2.20,,,
Soft Drinks,Rubicon Passion,ÂŁ2.25,,,
Soft Drinks,Rubicon Mango,ÂŁ2.25,,,
Soft Drinks,Rubicon Guava,ÂŁ2.25,,,
Soft Drinks,Spring Still Water,ÂŁ2.45,,,
Soft Drinks,Sparkling Water,ÂŁ2.45,,,
